x,y1,y2
-5.0,0.0,0.0
-4.88988988988989,0.0,0.0
-4.77977977977978,0.0,0.0
-4.66966966966967,0.0,0.0
-4.55955955955956,0.0,0.0
-4.44944944944945,0.0,0.0
-4.33933933933934,0.0,0.0
-4.2292292292292295,0.0,0.0
-4.119119119119119,0.0,0.0
-4.009009009009009,0.0,0.0
-3.898898898898899,0.0,0.0
-3.7887887887887888,0.0,0.0
-3.6786786786786787,0.0,0.0
-3.5685685685685686,0.0,0.0
-3.458458458458458,0.0,0.0
-3.348348348348348,0.0,0.0
-3.238238238238238,0.0,0.0
-3.128128128128128,0.0,0.0
-3.018018018018018,0.0,0.0
-2.9079079079079078,0.0,0.0
-2.7977977977977977,0.0,0.0
-2.6876876876876876,0.0,0.0
-2.5775775775775776,0.0,0.0
-2.4674674674674675,0.0,0.0
-2.3573573573573574,0.0,0.0
-2.2472472472472473,0.0,0.0
-2.1371371371371373,0.0,0.0
-2.0270270270270268,0.0,0.0
-1.9169169169169167,0.0,0.0
-1.8068068068068066,0.0,0.0
-1.6966966966966965,0.0,0.0
-1.5865865865865865,0.0,0.0
-1.4764764764764764,0.0,0.0
-1.3663663663663663,0.0,0.0
-1.2562562562562563,0.0,0.0
-1.1461461461461462,0.0,0.0
-1.0360360360360361,0.0,0.0
-0.9259259259259256,0.0,0.0
-0.8158158158158155,0.0,0.0
-0.7057057057057055,0.0,0.0
-0.5955955955955954,0.0,0.0
-0.4854854854854853,0.0,0.0
-0.37537537537537524,0.0,0.0
-0.26526526526526517,0.0,0.0
-0.1551551551551551,0.0,0.0
-0.04504504504504503,0.0,0.0
0.06506506506506504,0.9370064950054054,0.9370064950054054
0.1751751751751751,0.8393099816177227,0.8393099816177227
0.2852852852852852,0.7517997463177437,0.7517997463177437
0.39539539539539525,0.6734137219171719,0.6734137219171719
0.5055055055055053,0.6032005771317126,0.6032005771317126
0.6156156156156154,0.5403081707574469,0.5403081707574469
0.7257257257257255,0.48397320966672913,0.48397320966672913
0.8358358358358355,0.433511985107968,0.433511985107968
0.9459459459459465,0.38831207488047537,0.38831207488047537
1.0560560560560566,0.3478249106779045,0.3478249106779045
1.1661661661661666,0.3115591203939029,0.3115591203939029
1.2762762762762767,0.27907456458893803,0.27907456458893803
1.3863863863863868,0.2499769947419247,0.2499769947419247
1.4964964964964969,0.22391326845657353,0.22391326845657353
1.606606606606607,0.2005670635518559,0.2005670635518559
1.716716716716717,0.17965503902068222,0.17965503902068222
1.826826826826827,0.1609233962643025,0.1609233962643025
1.9369369369369371,0.14414479886788198,0.14414479886788198
2.047047047047047,0.12911561353413503,0.12911561353413503
2.1571571571571573,0.1156534386896333,0.1156534386896333
2.2672672672672673,0.10359489076974068,0.10359489076974068
2.3773773773773774,0.09279362131544183,0.09279362131544183
2.4874874874874875,0.08311854081657792,0.08311854081657792
2.5975975975975976,0.07445222774517854,0.07445222774517854
2.7077077077077076,0.06668950347013743,0.06668950347013743
2.8178178178178177,0.059736155757696426,0.059736155757696426
2.9279279279279278,0.05350779536551278,0.05350779536551278
3.0380380380380387,0.04792883185337395,0.04792883185337395
3.148148148148149,0.042931556180496,0.042931556180496
3.258258258258259,0.03845531895535522,0.03845531895535522
3.368368368368369,0.03444579436489035,0.03444579436489035
3.478478478478479,0.03085432084975803,0.03085432084975803
3.588588588588589,0.027637310523752918,0.027637310523752918
3.698698698698699,0.024755720169816475,0.024755720169816475
3.8088088088088092,0.0221745773923822,0.0221745773923822
3.9189189189189193,0.01986255617520955,0.01986255617520955
4.029029029029029,0.017791596693467894,0.017791596693467894
4.1391391391391394,0.015936564765923346,0.015936564765923346
4.2492492492492495,0.014274946814172945,0.014274946814172945
4.35935935935936,0.012786576626801658,0.012786576626801658
4.46946946946947,0.01145339061233785,0.01145339061233785
4.57957957957958,0.010259208570636879,0.010259208570636879
4.68968968968969,0.009189537322026726,0.009189537322026726
4.7997997997998,0.00823139481096247,0.00823139481096247
4.90990990990991,0.007373152549425256,0.007373152549425256
5.02002002002002,0.006604394487881407,0.006604394487881407
5.13013013013013,0.005915790600990397,0.005915790600990397
5.24024024024024,0.005298983653835722,0.005298983653835722
5.35035035035035,0.004746487774418058,0.004746487774418058
5.46046046046046,0.004251597601436673,0.004251597601436673
5.57057057057057,0.0038083069047319487,0.0038083069047319487
5.68068068068068,0.003411235690726753,0.003411235690726753
5.7907907907907905,0.003055564908182492,0.003055564908182492
5.900900900900901,0.00273697796182684,0.00273697796182684
6.011011011011011,0.0024516083240338107,0.0024516083240338107
6.121121121121121,0.0021959926087457946,0.0021959926087457946
6.231231231231231,0.001967028538119637,0.001967028538119637
6.341341341341341,0.0017619372917593323,0.0017619372917593323
6.451451451451451,0.001578229781587132,0.001578229781587132
6.561561561561561,0.0014136764430483448,0.0014136764430483448
6.671671671671671,0.001266280176021052,0.001266280176021052
6.781781781781783,0.0011342521070283325,0.0011342521070283325
6.891891891891893,0.0010159898785913122,0.0010159898785913122
7.002002002002003,0.0009100582022319358,0.0009100582022319358
7.112112112112113,0.0008151714391071936,0.0008151714391071936
7.222222222222223,0.0007301779968647968,0.0007301779968647968
7.332332332332333,0.0006540463533528897,0.0006540463533528897
7.442442442442443,0.0005858525375606768,0.0005858525375606768
7.552552552552553,0.0005247689158525109,0.0005247689158525109
7.6626626626626635,0.0004700541473996745,0.0004700541473996745
7.772772772772774,0.00042104418690403975,0.00042104418690403975
7.882882882882884,0.0003771442254182453,0.0003771442254182453
7.992992992992994,0.0003378214714522247,0.0003378214714522247
8.103103103103104,0.0003025986847540508,0.0003025986847540508
8.213213213213214,0.00027104838428788507,0.00027104838428788507
8.323323323323324,0.00024278766011420858,0.00024278766011420858
8.433433433433434,0.00021747352620676418,0.00021747352620676418
8.543543543543544,0.00019479875780571574,0.00019479875780571574
8.653653653653654,0.0001744881627870971,0.0001744881627870971
8.763763763763764,0.00015629524179606015,0.00015629524179606015
8.873873873873874,0.0001399991966096585,0.0001399991966096585
8.983983983983984,0.00012540225042118898,0.00012540225042118898
9.094094094094094,0.0001123272475237453,0.0001123272475237453
9.204204204204204,0.00010061550326156508,0.00010061550326156508
9.314314314314315,9.012487815512415e-05,9.012487815512415e-05
9.424424424424425,8.072805282661394e-05,8.072805282661394e-05
9.534534534534535,7.231098278945122e-05,7.231098278945122e-05
9.644644644644645,6.477151434838629e-05,6.477151434838629e-05
9.754754754754755,5.80181448120939e-05,5.80181448120939e-05
9.864864864864865,5.196891197157816e-05,5.196891197157816e-05
9.974974974974975,4.6550399366555817e-05,4.6550399366555817e-05
10.085085085085085,4.1696845267242486e-05,4.1696845267242486e-05
10.195195195195195,3.734934455770707e-05,3.734934455770707e-05
10.305305305305305,3.345513383445893e-05,3.345513383445893e-05
10.415415415415415,2.9966951043873168e-05,2.9966951043873168e-05
10.525525525525525,2.6842461886699398e-05,2.6842461886699398e-05
10.635635635635635,2.4043746028217365e-05,2.4043746028217365e-05
10.745745745745745,2.153683687843369e-05,2.153683687843369e-05
10.855855855855856,1.9291309356866084e-05,1.9291309356866084e-05
10.965965965965966,1.7279910638826114e-05,1.7279910638826114e-05
11.076076076076077,1.5478229401756007e-05,1.5478229401756007e-05
11.186186186186188,1.38643995574308e-05,1.38643995574308e-05
11.296296296296298,1.2418834874373926e-05,1.2418834874373926e-05
11.406406406406408,1.1123991269734136e-05,1.1123991269734136e-05
11.516516516516518,9.964153885680808e-06,9.964153885680808e-06
11.626626626626628,8.925246366172385e-06,8.925246366172385e-06
11.736736736736738,7.99466001938714e-06,7.99466001938714e-06
11.846846846846848,7.161100792447606e-06,7.161100792447606e-06
11.956956956956958,6.414452201248815e-06,6.414452201248815e-06
12.067067067067068,5.745652551839404e-06,5.745652551839404e-06
12.177177177177178,5.146584963253997e-06,5.146584963253997e-06
12.287287287287288,4.609978857059941e-06,4.609978857059941e-06
12.397397397397398,4.12932171804716e-06,4.12932171804716e-06
12.507507507507508,3.6987800551455425e-06,3.6987800551455425e-06
12.617617617617618,3.3131286033127184e-06,3.3131286033127184e-06
12.727727727727729,2.9676869071515956e-06,2.9676869071515956e-06
12.837837837837839,0.9772070290541599,2.65826251660528e-06
12.947947947947949,0.8753190270974854,2.381100105324444e-06
13.058058058058059,0.7840543266870261,2.1328358941826624e-06
13.168168168168169,0.7023052946022402,1.9104568268011234e-06
13.278278278278279,0.629079784446142,1.7112640016168227e-06
13.388388388388389,0.5634890954694252,1.5328399166878777e-06
13.498498498498499,0.5047371868617646,1.373019129702823e-06
13.608608608608609,0.4521110166096392,1.229861977109358e-06
13.71871871871872,0.40497188766831027,1.1016310334049889e-06
13.82882882882883,0.3627476964208483,9.867700248879492e-07
13.93893893893894,0.32492598934770145,8.838849419553347e-07
14.04904904904905,0.2910477436391371,7.917271207180204e-07
14.15915915915916,0.2607017962690158,7.091780886025349e-07
14.26926926926927,0.23351985391840074,0.8966451221338047
14.37937937937938,0.20917202318698497,0.8031568670945048
14.48948948948949,0.18736280684478868,0.7194161181917398
14.5995995995996,0.16782751753266908,0.6444065565751699
14.70970970970971,0.15032906538655308,0.57721782937089
14.81981981981982,0.1346550805984215,0.517034501191914
14.92992992992993,0.12061533599203293,0.4631261576138918
15.04004004004004,0.10803943833250013,0.41483854050697877
15.15015015015015,0.09677476035031823,0.3715856076378922
15.26026026026026,0.086684588381873,0.33284242017358745
15.37037037037037,0.07764646314528478,0.29813877176580345
15.48048048048048,0.06955069351442884,0.26705348189592143
15.59059059059059,0.06229902525356388,0.23920928422136675
15.7007007007007,0.05580344855567847,0.2142682478860146
15.81081081081081,0.04998512991225513,0.19192767622537674
15.92092092092092,0.04477345535109904,0.17191643309123902
16.03103103103103,0.04010517343049588,0.15399165221022282
16.14114114114114,0.03592362758865497,0.1379357896394296
16.25125125125125,0.03217806853185365,0.12355398354632308
16.36136136136136,0.028823038316087773,0.11067168926984075
16.47147147147147,0.02581781864714074,0.09913256096067563
16.58158158158158,0.023125936703369796,0.08879655409127388
16.69169169169169,0.02071472248363225,0.07953822580667838
16.8018018018018,0.01855491230810872,0.07124521248844107
16.91191191191191,0.016620293659914645,0.06381686605457229
17.02202202202202,0.014887387057123483,0.05716303244499361
17.13213213213213,0.01333516109424423,0.05120295746759375
17.24224224224224,0.011944777194756721,0.045864306725698016
17.35235235235235,0.010699360976896133,0.041082287732309826
17.46246246246246,0.009583797457869562,0.03679886355667154
17.57257257257257,0.008584547611002498,0.032962048459573276
17.68268268268268,0.007689484049462654,0.029525276968893722
17.792792792792792,0.006887743842338083,0.026446838738164138
17.902902902902902,0.006169596676773313,0.023689372329321334
18.013013013013012,0.005526326766114358,0.021219411775948657
18.123123123123122,0.004950127070841929,0.019006980423873807
18.233233233233232,0.004434004548506105,0.0170252271197735
18.343343343343342,0.003971695282729165,0.015250100332391204
18.453453453453452,0.0035575884612404755,0.013660056251343112
18.563563563563566,0.003186658280303521,0.012235797320855992
18.673673673673676,0.00285440294909384,0.01096003803515426
18.783783783783786,0.002556790053754861,0.0098172951530734
18.893893893893896,0.002290207618043233,0.00879369978584221
19.004004004004006,0.002051420266611434,0.007876829077438165
19.114114114114116,0.0018375299589037896,0.007055555434706384
19.224224224224226,0.0016459408171131803,0.006319911477424793
19.334334334334336,0.0014743276213332475,0.005660969069283172
19.444444444444446,0.0013206075895477868,0.00507073096163666
19.554554554554556,0.0011829150999654316,0.004542033734969074
19.664664664664667,0.001059579048917463,0.004068460860115999
19.774774774774777,0.0009491025695230742,0.0036442648241159573
19.884884884884887,0.0008501448649778562,0.0032642973755707344
19.994994994994997,0.0007615049359853685,0.002923947042938318
20.105105105105107,0.0006821070048399158,0.0026190831674497593
20.215215215215217,0.0006109874592600418,0.002346005771405953
20.325325325325327,0.0005472831575166898,0.0021014006534313748
20.435435435435437,0.8972670836000226,0.0018822991656987213
20.545545545545547,0.8037139800596347,0.001686042184961092
20.655655655655657,0.7199151440523016,0.0015102478401264824
20.765765765765767,0.6448535517540588,0.0013527826047005692
20.875875875875877,0.5776182188210979,0.0012117354032614893
20.985985985985987,0.5173931442364236,0.0010853944177100685
21.096096096096097,0.463447406920806,0.0009722263118047662
21.206206206206208,0.41512629491563874,0.000870857621840089
21.316316316316318,0.37184335947710595,0.0007800580876166096
21.426426426426428,0.333073297646247,0.0006987257213990556
21.536536536536538,0.2983455769142914,0.0006258734336520135
21.646646646646648,0.26723872460907355,0.0005606170532366075
21.756756756756758,0.2393752126957148,0.0005021645966753779
21.866866866866868,0.21441687591100403,0.00044980665625188765
21.976976976976978,0.19206080762370398,0.00040290779029031516
22.087087087087088,0.17203568361092952,0.0003608988111232365
22.197197197197198,0.1540984691341426,0.0003232698771505892
22.30730730730731,0.1380314693502208,0.0002895643051516513
22.41741741741742,0.1236396872599402,0.0002593730277532164
22.52752752752753,0.11074845712863789,0.00023232962878707615
22.63763763763764,0.09920132465708466,0.0002081058962834706
22.74774774774775,0.08885814817528148,0.00018640783912945213
22.85785785785786,0.0795933978143344,0.00016697211904837146
22.96796796796797,0.07129463201432314,0.00014956285459723776
23.07807807807808,0.06386113287831442,0.0001339687583936946
23.18818818818819,0.05720268381050637,0.00012000057282859313
23.2982982982983,0.05123847460332015,0.00010748877314271089
23.40840840840841,0.04589612068503826,9.62815099910271e-05
23.51851851851852,0.041110784625096986,8.624276652450457e-05
23.62862862862863,0.03682438923519016,7.725070762281739e-05
23.73873873873874,0.03298491271599245,6.919620124350247e-05
23.84884884884885,0.029545757295057064,6.198149394190192e-05
23.95895895895896,0.026465183693367016,5.551902448735597e-05
24.06906906906907,0.023705804556948543,4.9730361177109894e-05
24.17917917917918,0.02123413070558388,4.454524995065486e-05
24.28928928928929,0.019020164691674966,3.9900761751950615e-05
24.3993993993994,0.017037036736488875,3.574052879149958e-05
24.50950950950951,0.015260678625328475,3.201406043917353e-05
24.61961961961962,0.013669531603859933,2.8676130445132497e-05
24.72972972972973,0.01224428473048351,2.5686228051847952e-05
24.83983983983984,0.010967640509263485,2.300806633565626e-05
24.94994994994995,0.009824104959023385,2.0609141810834087e-05
25.06006006006006,0.008799799570781981,1.8460339951334497e-05
25.17017017017017,0.007882292871353109,1.653558184260194e-05
25.28028028028028,0.007060449548882496,1.481150767505888e-05
25.39039039039039,0.006324295309235012,1.3267193237985733e-05
25.5005005005005,0.005664895823063069,1.1883895973024542e-05
25.61061061061061,0.0050742482943983746,1.0644827505287055e-05
25.72072072072072,0.0045451843347902214,9.534949891392979e-06
25.83083083083083,0.0040712829642231396,8.540793111604613e-06
25.94094094094094,0.003646792682950355,7.650291591052723e-06
26.05105105105105,0.0032665616684685317,6.852637765995036e-06
26.16116116116116,0.002925975250470024,6.138150917915489e-06
26.27127127127127,0.0026208999049379487,5.498159683570536e-06
26.38138138138138,0.0023476330876689073,4.924896815066654e-06
26.49149149149149,0.0021028582983783706,4.411404912725743e-06
26.6016016016016,0.0018836048300246242,3.951451986666127e-06
26.71171171171171,0.00168721171484932,3.5394558223130873e-06
26.82182182182182,0.0015112954295660671,3.1704162319015745e-06
26.93193193193193,0.0013537209677513778,2.8398543697421106e-06
27.04204204204204,0.0012125759283582982,2.5437583747501236e-06
27.152152152152155,0.0010861473058781962,2.278534680529755e-06
27.26226226226226,0.0009729007004647413,2.0409644020874657e-06
27.372372372372375,0.0008714616957038467,1.8281642698630055e-06
27.48248248248248,0.0007805991780212027,1.6375516369542882e-06
27.592592592592595,0.0006992103952833359,1.4668131348462442e-06
27.7027027027027,0.0006263075732562493,1.3138765972346196e-06
27.812812812812815,0.0005610059274922195,1.1768859111980638e-06
27.922922922922922,0.0005025129251512963,0.9342452029103421
28.033033033033036,0.8978613750313326,0.8368365942613862
28.143143143143142,0.8042463079922048,0.7495842454566041
28.253253253253256,0.7203919690793202,0.6714292191448313
28.363363363363362,0.6452806608582082,0.6014229875480226
28.473473473473476,0.5780007956081974,0.538715920662314
28.583583583583582,0.5177358318462332,0.4825469747311138
28.693693693693696,0.46375436437843476,0.4322344558443225
28.803803803803802,0.41540124760752983,0.3871677465663172
28.913913913913916,0.37208964436414327,0.34679989518287707
29.024024024024023,0.3332939037627627,0.3106409776266178
29.134134134134136,0.29854318164444377,0.27825215151790705
29.244244244244243,0.2674157261809054,0.2492403301582663
29.354354354354356,0.2395337592872183,0.22325341183715283
29.464464464464463,0.21455889172147105,0.19997600655271267
29.574574574574577,0.19218801622674697,0.17912560828382942
29.684684684684683,0.17214962887262336,0.16044916635833728
29.794794794794797,0.1542005339501358,0.14372001430578943
29.904904904904903,0.1381228924292412,0.12873511892187633
30.015015015015017,0.12372157815736799,0.11531261615774785
30.125125125125123,0.11082180971261836,0.1032896039286183
30.235235235235237,0.0992670291705967,0.09252016505406406
30.345345345345343,0.08891700204056655,0.08287359633547417
30.455455455455457,0.07964611531080168,0.07423282227784332
30.565565565565564,0.07134185294739775,0.06649297420407864
30.675675675675677,0.06390343034442791,0.05956011751723322
30.785785785785784,0.057240571152478506,0.05335011166411414
30.895895895895897,0.05127241164053763,0.04778758896420736
31.006006006006004,0.045926519294050186,0.04280503991050022
31.116116116116117,0.04113801373834953,0.03834199384095032
31.226226226226224,0.03684877931857314,0.03434428503683885
31.336336336336338,0.033006759779534524,0.03076339534100737
31.446446446446444,0.0295653264854498,0.027555865317679333
31.556556556556558,0.02648271251191445,0.024682766807404444
31.666666666666664,0.023721505742000437,0.02210923047580126
31.776776776776778,0.02124819481443206,0.01980402262219072
31.886886886886884,0.01903276241325088,0.01773916611206844
31.996996996996998,0.017048320962927657,0.015889600832860767
32.107107107107105,0.015270786307543527,0.01423287955209364
32.21721721721722,0.013678585413645977,0.012748895486755424
32.327327327327325,0.012252394549322166,0.011419638277505507
32.43743743743744,0.010974904761898486,0.010228975406108431
32.547547547547545,0.009830611807991971,0.009162456403271258
32.65765765765766,0.008805627986398409,0.00820713747065157
32.76776776776777,0.0078875135901314,0.007351424388565129
32.87787787787788,0.007065125932029487,0.006584931802842097
32.98798798798799,0.006328484111632902,0.005898357183068891
33.0980980980981,0.005668647882074754,0.005283367922511329
33.20820820820821,0.005077609146854462,0.0047325002095071405
33.31831831831832,0.004548194769646532,0.004239068442982785
33.42842842842843,0.004073979517595358,0.003797084092715507
33.53853853853854,0.0036492080815344035,0.0034011830195900894
33.64864864864865,0.003268725226727703,0.0030465603737722118
33.75875875875876,0.0029279132264098105,0.002728912280691603
33.86886886886887,0.0026226358187859946,0.0024443836071066146
33.97897897897898,0.002349188007328128,0.0021895211733142655
34.08908908908909,0.0021042510951172905,0.001961231843665505
34.1991991991992,0.001884852407508428,0.0017567449867521964
34.30930930930931,0.0016883292142909716,0.0015735788496636849
34.41941941941942,0.0015122964134875604,0.0014095104382148922
34.52952952952953,0.0013546175845851158,0.0012625485375971704
34.63963963963964,0.0012133790598864767,0.001130909546017666
34.74974974974975,0.0010868666992994215,0.0010129958280320301
34.85985985985986,0.0009735450866908378,0.0009073763248562019
34.96996996996997,0.0008720388953224861,0.0008127691863342095
35.08008008008008,0.0007811161962103959,0.0007280262137752672
35.190190190190194,0.0006996735068297134,0.0006521189248505823
35.3003003003003,0.0006267223987089531,0.0005841260714268111
35.410410410410414,0.0005613775013766475,0.000523222458846285
35.52052052052052,0.0005028457570705747,0.00046866893095946294
35.630630630630634,0.0004504167957992838,0.00041980339936289763
35.74074074074074,0.00040345431394307567,0.0003760328079692764
35.850850850850854,0.0003613883517607838,0.00033682593538749393
35.96096096096096,0.00032370837607849644,0.000301706947759012
36.071071071071074,0.0002899570842082342,0.00027024962380446877
36.18118118118118,0.0002597248538979855,0.00024207218199295133
36.291291291291294,0.00023264477195488974,0.00021683264705384266
36.4014014014014,0.00020838818120656898,0.00019422469959702213
36.511511511511515,0.00018666069175627908,0.0001739739584703128
36.62162162162162,0.00016719860812257313,0.00015583465073509318
36.731731731731735,0.0001497657289014369,0.00013958662884521445
36.84184184184184,0.00013415048011007134,0.0001250326988282844
36.951951951951955,0.00012016334742113256,0.00011199622704277613
37.06206206206206,0.00010763457612380087,0.0001003189964654245
37.172172172172175,9.641211089724325e-05,8.985928649173108e-05
37.28228228228228,8.635975039257817e-05,8.049015294512091e-05
37.392392392392395,7.735549422641676e-05,7.209788742007296e-05
37.5025025025025,6.929006232430585e-05,6.45806372610781e-05
37.612612612612615,6.20655686440768e-05,5.784716942879184e-05
37.72272272272272,5.559433318277402e-05,5.181576325107187e-05
37.832832832832835,4.979781784907933e-05,4.641321862076779e-05
37.94294294294294,0.9581755755182353,4.1573967603278314e-05
38.053053053053056,0.8582718785424414,3.72392786718964e-05
38.16316316316316,0.7687845905468474,3.335654391316298e-05
38.273273273273276,0.6886276498607817,2.9878640551393368e-05
38.38338338338338,0.6168282324902946,2.676335904353356e-05
38.493493493493496,0.5525149454484124,2.3972890803416468e-05
38.6036036036036,0.49490725110197936,2.147336933819562e-05
38.713713713713716,0.4433059941836179,1.9234459227956046e-05
38.82382382382382,0.3970849165001076,1.7228987960163022e-05
38.933933933933936,0.3556830563553953,1.5432616150705463e-05
39.04404404404404,0.31859794044401063,1.3823542149179335e-05
39.154154154154156,0.2853794855882651,1.23822374433515e-05
39.26426426426426,0.2556245363078097,1.1091209651546447e-05
39.374374374374376,0.2289719719267348,9.93479022651174e-06
39.48448448448448,0.2050983238357313,8.898944294235042e-06
39.5945945945946,0.18371384971819185,7.971100319820554e-06
39.7047047047047,0.16455901709518855,7.139997533168692e-06
39.81481481481482,0.14740135351185155,6.395549262739963e-06
39.92492492492492,0.1320326251375091,5.72872051875646e-06
40.03503503503504,0.11826630953765455,5.1314183401287945e-06
40.14514514514514,0.10593533194609549,4.596393574306561e-06
40.25525525525526,0.0948900375635406,4.1171528980028996e-06
40.36536536536536,0.08499637527347247,3.687880011034764e-06
40.47547547547548,0.07613427073196483,3.3033650468475006e-06
40.585585585585584,0.06819616908648611,2.958941343016217e-06
40.6956956956957,0.061085729637388876,2.6504288043387843e-06
40.805805805805804,0.05471665659987388,2.374083171147968e-06
40.91591591591592,0.049011651775965864,2.126550577137295e-06
41.026026026026024,0.043901476425628166,1.9048268451927545e-06
41.13613613613614,0.03932411095141039,1.706221027223986e-06
41.246246246246244,0.035224002198161124,1.5283227454969556e-06
41.35635635635636,0.03155138923265477,1.3689729391060334e-06
41.466466466466464,0.02826169942047244,1.2262376605507097e-06
41.57657657657658,0.025315007470621004,1.0983846043989637e-06
41.686686686686684,0.0226755508825976,9.838620831779493e-07
41.7967967967968,0.020311295915120486,8.812801953327894e-07
41.906906906906904,0.0181935488089158,7.893939566988403e-07
42.01701701701702,0.0162966075451634,7.070881907624563e-07
42.12712712712713,0.014597449913176304,6.333639943312456e-07
42.23723723723724,0.013075454101546004,5.673266143543864e-07
42.34734734734735,0.011712148421712492,5.081745887602159e-07
42.45745745745746,0.010490987126481848,0.9917895258398467
42.56756756756757,0.009397149602712644,0.8883810871518948
42.67767767767768,0.008417360501077708,0.7957544775852281
42.78778778778779,0.007539728619905132,0.712785535120995
42.8978978978979,0.006753602587716012,0.6384673079308077
43.00800800800801,0.006049441592949268,0.5718978335148358
43.11811811811812,0.005418699591987849,0.5122691920420305
43.22822822822823,0.0048537215901764165,0.45885770103828405
43.33833833833834,0.004347650737047478,0.411015132420584
43.44844844844845,0.003894345108216709,0.36816084528265186
43.55855855855856,0.003488303163972828,0.32977473895180026
43.66866866866867,0.003124596979889854,0.2953909407917466
43.77877877877878,0.002798812439116578,0.2645921521435487
43.88888888888889,0.0025069956604866746,0.23700458378414296
43.998998998999,0.002245605012275449,0.21229341943679716
44.10910910910911,0.002011468129217923,0.19015875227634702
44.21921921921922,0.0018017434111262983,0.17033194511270677
44.32932932932933,0.0016138855358345592,0.15257237007800212
44.43943943943944,0.0014456145679188732,0.13666448824861355
44.54954954954955,0.0012948882882816068,0.1224152337589476
44.65965965965966,0.0011598774087775922,0.10965167065929377
44.76976976976977,0.0010389433710748324,0.09821889408020931
44.87987987987988,0.0009306184603060252,0.08797815023096318
44.98998998998999,0.000833587992160134,0.07880515241538931
45.1001001001001,0.0007466743572280603,0.07058857262751514
45.210210210210214,0.0006688227289565274,0.06322869042020784
45.32032032032032,0.0005990882617550924,0.056636182648863456
45.430430430430434,0.0005366246238860463,0.05073103940185727
45.54054054054054,0.00048067372596688165,0.04544159296097015
45.650650650650654,0.0004305565204252473,0.040703648006764064
45.76076076076076,0.00038566476024418756,0.036459702512664484
45.870870870870874,0.00034545361697763257,0.03265824987212647
45.98098098098098,0.00030943506844485747,0.0292531537891671
46.091091091091094,0.0002771719758536283,0.026203088345619765
46.2012012012012,0.0002482727784691775,0.023471036449499633
46.311311311311314,0.0002223867414408301,0.021023840577396126
46.42142142142142,0.0001991996991116398,0.018831800358487957
46.531531531531535,0.00017843024214968885,0.016868312116256903
46.64164164164164,0.0001598263022262591,0.015109545993206765
46.751751751751755,0.00014316209279080375,0.013534156740009897
46.86186186186186,0.00012823536881450482,0.012123024659080507
46.971971971971975,0.00011486497224528058,0.01085902355853502
47.08208208208208,0.9390305134440592,0.009726812900318155
47.192192192192195,0.8411229667865479,0.008712651619899318
47.3023023023023,0.7534237014950379,0.00780423135796637
47.412412412412415,0.6748683562204194,0.006990527080132352
47.52252252252252,0.6045035447171337,0.006261663271704697
47.632632632632635,0.5414752850794882,0.005608794083589038
47.74274274274274,0.48501863539792883,0.005023995974721143
47.852852852852855,0.4344484100483623,0.004500171548081291
47.96296296296296,0.3891508639429842,0.004030963413199106
48.073073073073076,0.3485762438184824,0.003610677029740679
48.18318318318318,0.31223211616049534,0.0032342115957709676
48.293293293293296,0.27967739078864684,0.0028969981419164946
48.4034034034034,0.2505169675695348,0.002594944080109596
48.513513513513516,0.22439694128747759,0.0023243835339297526
48.62362362362362,0.20100030647704334,0.0020820328477273472
48.733733733733736,0.18004311008903953,0.0018649507345660902
48.84384384384384,0.16127100529688235,0.0016705025793205407
48.953953953953956,0.1444561646185992,0.0014963284636930804
49.06406406406406,0.12939451489064033,0.0013403145250866953
49.174174174174176,0.11590326053574537,0.0012005673017303762
49.28428428428428,0.10381866506606202,0.0010753907526973455
49.394394394394396,0.09299406389671827,0.0009632656739194406
49.5045045045045,0.08329808435240564,0.0008628312603805887
49.61461461461462,0.07461305126407425,0.0007728685907188382
49.72472472472472,0.06683355880530083,0.0006922858337981995
49.83483483483484,0.05986519123541425,0.0006201049977097786
49.94494494494494,0.05362337702370707,0.0005554500603817603
50.05505505505506,0.048032362447805656,0.0004975363377453292
50.16516516516516,0.04302429220929908,0.0004456609604235175
50.27527527527528,0.038538385908513786,0.0003991943433632655
50.38538538538538,0.034520200383738986,0.0003575725448820817
50.4954954954955,0.030920968962278996,0.00032029042239483085
50.605605605605604,0.027697009604168148,0.00028689550175528745
50.71571571571572,0.024809194755481462,0.00025698248580768656
50.825825825825824,0.022222476477127943,0.00023018833550143386
50.93593593593594,0.01990546108584964,0.00020618786387089814
51.046046046046044,0.01783002814506684,0.00018468978940672476
51.15615615615616,0.015970989181449746,0.00016543320092038898
51.266266266266264,0.01430578198523816,0.00014818439099790036
51.37637637637638,0.012814196784183529,0.00013273401961185258
51.48648648648649,0.011478130967829498,0.00011889457346806049
51.5965965965966,0.010281369385341611,0.00010649809025213802
51.70670670670671,0.009209387550473996,9.539412015636942e-05
51.81681681681682,0.008249175365272414,8.54478999469685e-05
51.92692692692693,0.007389079223136223,7.65387174112909e-05
52.03703703703704,0.0066186605749265414,6.855844633514975e-05
52.14714714714715,0.0059285692416075255,6.14102342299794e-05
52.25725725725726,0.005310429935882483,5.500732688347789e-05
52.36736736736737,0.004756740615594135,4.927201546788146e-05
52.47747747747748,0.004260781435257363,4.4134693427474384e-05
52.58758758758759,0.0038165331907142742,3.953301169924497e-05
52.6976976976977,0.003418604267117015,3.54111220140424e-05
52.80780780780781,0.003062165203642145,3.171899909455516e-05
52.91791791791792,0.0027428900807827394,2.8411833523982318e-05
53.02802802802803,0.002456904018864785,2.5449487916945277e-05
53.13813813813814,0.0022007361506048285,2.2796009792470698e-05
53.24824824824825,0.0019712774969600764,2.0419195237025083e-05
53.35835835835836,0.0017657432350321684,1.8290198062007465e-05
53.46846846846847,0.0015816389000888544,1.638317971223815e-05
53.57857857857858,0.00141673011151518,1.4674995676565905e-05
53.68868868868869,0.0012690154552730355,1.3144914594714299e-05
53.7987987987988,0.0011367021937576608,1.1774366651313966e-05
53.90890890890891,0.0010181845082536595,1.05467182035036e-05
54.01901901901902,0.0009120240099305845,9.447069906872818e-06
54.12912912912913,0.0008169322828496957,8.462075889701271e-06
54.23923923923924,0.0007317552471154955,7.57978178090644e-06
54.34934934934935,0.0006554591523953453,6.789479625925336e-06
54.45945945945946,0.000587118031817841,6.0815779297201595e-06
54.56956956956957,0.0005259024639841169,5.447485249684113e-06
54.67967967967968,0.00047106950670249036,4.879505925675392e-06
54.78978978978979,0.00042195368027716243,4.370746681706342e-06
54.8998998998999,0.00037795889091986904,3.915032965761377e-06
55.010010010010014,0.0003385511962629234,3.506834012401368e-06
55.12012012012012,0.0003032523251724675,3.1411957186785856e-06
55.230230230230234,0.0002716338732151117,2.8136805187103575e-06
55.34034034034034,0.00024331210333137742,2.520313527200598e-06
55.450450450450454,0.0002179432886142897,2.25753429827978e-06
55.56056056056056,0.00019521954067085835,2.022153614185627e-06
55.670670670670674,0.000174865072937336,1.8113147793501186e-06
55.78078078078078,0.00015663285359806503,1.6224589501393933e-06
55.890890890890894,0.9234221249664678,1.4532940794707546e-06
56.001001001001,0.8271419791242068,1.3017670994038434e-06
56.111111111111114,0.7409004345161742,1.166039004099848e-06
56.22122122122122,0.6636508214073241,1.0444625307436623e-06
56.331331331331334,0.5944556005588334,9.355621675533883e-07
56.44144144144144,0.5324749847915516,8.380162462448501e-07
56.551551551551555,0.4769567469163751,7.506409016162243e-07
56.66166166166166,0.4272270903357224,6.72375703578652e-07
56.771771771771775,0.3826824715171248,6.022707872559028e-07
56.88188188188188,0.34278227509256587,5.39475324957837e-07
56.991991991991995,0.307042252684878,4.832272001177147e-07
57.1021021021021,0.27502864583166353,4.328437578713309e-07
57.212212212212215,0.24635292167957512,3.8771352002232994e-07
57.32232232232232,0.22066705755883195,3.4728876384256887e-07
57.432432432432435,0.19765931720918448,3.110788746401011e-07
57.54254254254254,0.17705046739559235,2.7864439141837525e-07
57.652652652652655,0.1585903889965523,2.4959167336176045e-07
57.76276276276276,0.14205504143562678,2.2356812241732442e-07
57.872872872872875,0.12724374361498156,2.002579039917009e-07
57.98298298298298,0.11397673835104491,1.7937811382738508e-07
58.093093093093096,0.1020930107530485,1.6067534453772945e-07
58.2032032032032,0.09144833406725221,1.4392261013047245e-07
58.313313313313316,0.08191351927023062,1.2891659119426297e-07
58.42342342342342,0.07337284716745092,1.1547516731445123e-07
58.533533533533536,0.06572266396829804,1.0343520677029678e-07
58.64364364364364,0.058870123292776064,9.265058668830532e-08
58.753753753753756,0.052732059342243655,8.299041962327472e-08
58.86386386386386,0.04723397755844586,7.433746504399228e-08
58.973973973973976,0.04230915052097081,0.9091702702854625
59.08408408408408,0.03789780811051127,0.8143760869408617
59.194194194194196,0.033946412109343585,0.7294655716941449
59.30430430430431,0.030407006435228964,0.6534082088362048
59.41441441441441,0.027236635122849434,0.5852809288627463
59.52452452452452,0.0243968209891175,0.5242569056494744
59.63463463463464,0.02185309865519009,0.46959552168428087
59.74474474474475,0.0195745962577047,0.4206333795693951
59.85485485485485,0.017533660772686397,0.3767762507048115
59.96496496496496,0.015705522404868555,0.33749186343817644
60.07507507507508,0.014067993969295665,0.3023034431546729
60.18518518518519,0.012601201616750395,0.2707839259061466
60.29529529529529,0.011287343634960707,0.24255077535332775
60.4054054054054,0.01011047439827736,0.2172613401169549
60.51551551551552,0.009056310843731818,0.19460869519239626
60.62562562562563,0.008112059124769522,0.17431791695706042
60.73573573573573,0.007266259338845867,0.15614274656231453
60.845845845845844,0.006508646444420992,0.13986260121516067
60.95595595595596,0.005830025679375579,0.12527989707715503
61.06606606606607,0.005222160968862145,0.11221765128990936
61.176176176176185,0.0046776749682564105,0.10051733402421524
61.286286286286284,0.004189959528080285,0.09003694448419036
61.3963963963964,0.0037530954942545693,0.08064928751588378
61.50650650650651,0.0033617808703387667,0.0722404299044353
61.616616616616625,0.0030112664698984343,0.06470831762462646
61.726726726726724,0.002697298278046585,0.0579615372631182
61.83683683683684,0.0024160658226298915,0.051918206580373674
61.94694694694695,0.002164155928467707,0.046504980747595584
62.057057057057065,0.0019385112933818368,0.04165616219786362
62.167167167167165,0.0017363933832760556,0.03731290328820236
62.27727727727728,0.0015553491959414316,0.03342249209568628
62.38738738738739,0.001393181490217106,0.02993771267966185
62.497497497497505,0.001247922119192483,0.026816272045903596
62.607607607607605,0.0011178081438098905,0.024020286858068788
62.71771771771772,0.0010012604369704016,0.02151582366692321
62.82782782782783,0.0008968645184720194,0.0192724870773401
62.937937937937946,0.0008033533881832838,0.017263050854857465
63.048048048048045,0.0007195921491075306,0.015463127494727556
63.15815815815816,0.0006445642337155974,0.013850872243182656
63.26826826826827,0.0005773590663831597,0.012406717978777676
63.378378378378386,0.0005171610121977628,0.011113137736194724
63.488488488488485,0.00046323947801301817,0.00995443199038562
63.5985985985986,0.00041494004561138656,0.008916538119425948
63.70870870870871,0.0003716765293633738,0.00798685973363068
63.818818818818826,0.0003329238619908516,0.007154113799582787
63.928928928928926,0.00029821172209274155,0.006408193703699301
64.03903903903904,0.0002671188260935198,0.005740046593405545
64.14914914914915,0.00023926781533889545,0.005141563507271387
64.25925925925927,0.0002143206762858584,0.004605480960672947
64.36936936936937,0.00019197463820434444,0.004125292792576561
64.47947947947948,0.00017195849860296563,0.0036951712035733233
64.5895895895896,0.0001540293317824154,0.0033098960268440414
64.6996996996997,0.00013796954056987933,0.002964791373651054
64.8098098098098,0.00012358421545289743,0.002655668884456474
64.91991991991992,0.00011069876906180173,0.002378776896933948
65.03003003003003,9.915681729167631e-05,0.002130754913952619
65.14014014014015,8.881828134805868e-05,0.0019085928189335785
65.25025025025025,7.955768768190618e-05,0.0017095943435969834
65.36036036036036,7.126264518098539e-05,0.0015313443447260888
65.47047047047047,6.383248113615037e-05,0.0013716794928033426
65.58058058058059,5.717701942790348e-05,0.001228662016780935
65.69069069069069,5.12154861047292e-05,0.0011005561863398426
65.8008008008008,4.587552907075085e-05,0.0009858072462142669
65.91091091091091,4.1092339985170475e-05,0.0008830225469183519
66.02102102102103,3.680786771641701e-05,0.0007909546428680822
66.13113113113113,3.297011380510829e-05,0.000708486152769133
66.24124124124124,2.9532501385211775e-05,0.0006346161985287407
66.35135135135135,0.9517701195055869,0.0005684482581077432
66.46146146146147,0.852534284196099,0.0005091792848888229
66.57157157157157,0.7636452236043315,0.00045608996150843365
66.68168168168168,0.684024136441139,0.0004085359698680227
66.7917917917918,0.6127047020940629,0.00036594017137322977
66.90190190190191,0.5488213528858108,0.0003277856024964681
67.01201201201201,0.49159876911989936,0.00029360920065370585
67.12212212212212,0.4403424694200611,0.00026299618424953776
67.23223223223223,0.39443038216327486,0.00023557501868408777
67.34234234234235,0.35330529571304475,0.000211012907226641
67.45245245245245,0.31646809582536795,0.00018901175203110462
67.56256256256256,0.2834717081531564,0.00016930453627415277
67.67267267267268,0.25391567233244927,0.00015165208350795473
67.78278278278279,0.22744128179876655,0.00013584015489734262
67.89289289289289,0.20372723034810428,0.00012167684911210859
68.003003003003,0.18248571260705074,0.00010899027331821939
68.11311311311312,0.16345893108546347,9.7626457001984e-05
68.22322322322323,0.14641596741952254,8.744748330828336e-05
68.33333333333333,0.1311499798330778,7.832981521389433e-05
68.44344344344344,0.11747569280427435,7.016279622150726e-05
68.55355355355356,0.10522714847084981,6.284730737814293e-05
68.66366366366367,0.09425569248401476,5.629456431886102e-05
68.77377377377377,0.08442816986628104,5.042503973611078e-05
68.88388388388388,0.07562530897726304,4.516749819727105e-05
68.993993993994,0.06774027397448813,4.045813159646376e-05
69.10410410410411,0.06067736820114458,3.623978474804424e-05
69.21421421421421,0.05435087276446381,3.2461261723202985e-05
69.32432432432432,0.048684006209141574,2.90767045110315e-05
69.43443443443444,0.04360799265989703,2.6045036463185805e-05
69.54454454454455,0.039061227123673985,2.3329463767509113e-05
69.65465465465465,0.0349885278211948,2.089702890026035e-05
69.76476476476476,0.031340466473787534,1.8718210637420703e-05
69.87487487487488,0.028072768417526952,1.676656577062419e-05
69.98498498498499,0.02514577526416946,1.5018408179394418e-05
70.09509509509509,0.022523963587479646,1.345252136475575e-05
70.2052052052052,0.020175513793484076,1.204990095538238e-05
70.31531531531532,0.01807192394225558,1.0793524061216868e-05
70.42542542542543,0.01618766383437274,9.668142675316338e-06
70.53553553553554,0.014499865163883232,8.660098616552741e-06
70.64564564564564,0.012988043977313323,7.757157767219846e-06
70.75575575575576,0.011633852070348876,6.948361593772604e-06
70.86586586586587,0.01042085430501894,6.223894148683474e-06
70.97597597597598,0.009334329144789892,5.574962939282533e-06
71.08608608608608,0.008361089986769264,4.9936922177489975e-06
71.1961961961962,0.007489325122617136,4.473027397167916e-06
71.30630630630631,0.006708454385854233,4.006649433599606e-06
71.41641641641642,0.0060090007457655305,3.588898135059067e-06
71.52652652652652,0.005382475289501924,3.214703466646685e-06
71.63663663663664,0.00482127419646502,2.8795240181148198e-06
71.74674674674675,0.00431858645460691,2.5792918870832264e-06
71.85685685685687,0.0038683111986430245,2.310363308977989e-06
71.96696696696696,0.003464983666955278,2.069474434515431e-06
72.07707707707708,0.0031037088785613553,1.853701718024342e-06
72.18718718718719,0.002780102225222096,1.6604264358602667e-06
72.2972972972973,0.0024902362576825873,1.4873029042892775e-06
72.4074074074074,0.002230593020219485,1.3322300111183661e-06
72.51751751751752,0.0019980213550026987,1.193325715566016e-06
72.62762762762763,0.0017896986580967643,1.0689042068912098e-06
72.73773773773775,0.0016030966229532778,9.57455444566357e-07
72.84784784784785,0.0014359505556411337,8.576268316839686e-07
72.95795795795796,0.001286231889408794,7.682067991763305e-07
73.06806806806807,0.0011521235650021743,6.881101016184244e-07
73.17817817817819,0.0010319979779411647,6.163646461564765e-07
73.28828828828829,0.0009243972251124454,5.520996947117508e-07
73.3983983983984,0.0008280154109413316,4.945352962756091e-07
73.50850850850851,0.000741682798401892,4.429728210411183e-07
73.61861861861863,0.0006643516125139344,3.9678648148861084e-07
73.72872872872873,0.0005950833240313494,3.5541573752106077e-07
73.83883883883884,0.000533037258990272,3.183584934741876e-07
73.94894894894895,0.00047746039587708944,2.851650044369478e-07
74.05905905905907,0.00042767822658953643,2.55432417926421e-07
74.16916916916917,0.00038308657027515813,2.287998846722619e-07
74.27927927927928,0.00034314424069577384,2.0494417917274385e-07
74.3893893893894,0.9534779569016408,1.8357577687136734e-07
74.4994994994995,0.8540640547805386,1.644353403446548e-07
74.6096096096096,0.7650154934241773,1.4729057185583486e-07
74.71971971971972,0.685251535763808,1.3193339407542852e-07
74.82982982982983,0.6138041272404605,1.1817742475261334e-07
74.93993993993995,0.5498061470193966,1.0585571468869397e-07
75.05005005005005,0.49248088418587055,9.481872155964836e-08
75.16016016016016,0.4411326112000289,8.49324949970438e-08
75.27027027027027,0.3951381402058873,7.607705090059665e-08
75.38038038038039,0.353939259717458,6.814491525220618e-08
75.49049049049049,0.31703595989005334,6.103981975849708e-08
75.6006006006006,0.2839803641552578,5.4675533491534185e-08
75.71071071071071,0.2543712935709883,0.9862053847972495
75.82082082082083,0.227849397916831,0.8833791737811812
75.93093093093093,0.2040927944433122,0.7912740862095017
76.04104104104104,0.1828131613447751,0.708772289510377
76.15115115115115,0.16375223854438198,0.6348725013658223
76.26126126126127,0.1466786933229879,0.5686778376577528
76.37137137137137,0.13138531275166848,0.509384927441924
76.48148148148148,0.11768648885385269,0.45627416284361855
76.5915915915916,0.10541596597578681,0.4087009655431564
76.70170170170171,0.09442482302627088,0.3660879638568481
76.81181181181181,0.08457966609717021,0.3279179854707319
76.92192192192192,0.0757610095294369,0.2937277807833893
77.03203203203203,0.06786182577648488,0.2631024006813292
77.14214214214215,0.06078624646532236,0.23567016051276188
77.25225225225225,0.05444839889090235,0.21109812914015388
77.36236236236236,0.04877136382280241,0.18908808832444163
77.47247247247248,0.043686241975677303,0.16937291340205846
77.58258258258259,0.039131317813695034,0.15171333132883055
77.69269269269269,0.0350513105404894,0.135895016744821
77.8028028028028,0.03139670318426707,0.12172599081650702
77.91291291291292,0.028123141635525352,0.10903429128739588
78.02302302302303,0.025190896343796572,0.0976658854596279
78.13313313313313,0.022564380140314942,0.08748280077751958
78.24324324324324,0.020211716334659686,0.07836145032486995
78.35335335335336,0.018104351843588794,0.07019113291346506
78.46346346346347,0.016216710656798146,0.06287268955909149
78.57357357357357,0.014525883433901711,0.05631730003941329
78.68368368368368,0.013011349465425905,0.05044540492813435
78.7937937937938,0.011654727623403874,0.04518574002273764
78.90390390390391,0.010439553278979358,0.040474471447125036
79.01401401401401,0.00935107847958615,0.03625442093235218
79.12412412412412,0.008376092960553095,0.03247437187307655
79.23423423423424,0.00750276381884586,0.029088447737687914
79.34434434434435,0.0067204919031444744,0.0260555552881904
79.45445445445445,0.006019783177338342,0.023338885852487837
79.56456456456456,0.005392133496241512,0.020905468596262633
79.67467467467468,0.004829925395111211,0.018725770372741958
79.78478478478479,0.0043263356403547264,0.01677333729392455
79.8948948948949,0.003875252419416007,0.015024473673205873
80.005005005005,0.003471201164817279,0.013457954442889712
80.11511511511512,0.0031092781121195862,0.012054767556343046
80.22522522522523,0.002785090785429842,0.010797883248463286
80.33533533533534,0.0024947046881562077,0.009672047354085547
80.44544544544544,0.0022345955520254707,0.008663596175943837
80.55555555555556,0.002001606564832527,0.007760290655330859
80.66566566566567,0.0017929100578174793,0.006951167832872205
80.77577577577578,0.0016059731876888776,0.006226407796667405
80.88588588588588,0.0014385271967938128,0.005577214503017157
80.995995995996,0.0012885398783608643,0.004995709023317288
81.10610610610611,0.0011541909126409169,0.004474833921512701
81.21621621621622,0.0010338497746127135,0.004008267601587443
81.32632632632632,0.0009260559451305477,0.0035903475855713243
81.43643643643644,0.0008295011853466566,0.003216001790926442
81.54654654654655,0.000743013659282226,0.0028806869732631406
81.65665665665666,0.0006655437118504521,0.002580333587294871
81.76676676676676,0.0005961511297269902,0.002311296396838295
81.87687687687688,0.0005339937304593139,0.002070310234436806
81.98698698698699,0.0004783171413269647,0.0018544503736850923
82.0970970970971,0.0004284456439037373,0.0016610970333131247
82.2072072072072,0.00038377397320705706,0.0014879035822342559
82.31731731731732,0.0003437599719049078,0.0013327680596779304
82.42742742742743,0.0003079180104282538,0.0011938076647617204
82.53753753753755,0.00027581309313209364,0.0010693359058951584
82.64764764764764,0.0002470555789747132,0.0009578421326896652
82.75775775775776,0.00022129645264265267,0.0008579732019635601
82.86786786786787,0.0001982230887294969,0.0007685170553320205
82.97797797797799,0.00017755545756041095,0.0006883880090712723
83.08808808808809,0.0001590427266145009,0.0006166135777278079
83.1981981981982,0.00014246021629815779,0.0005523226715573378
83.30830830830831,0.0001276066731231926,0.0004947350245519533
83.41841841841843,0.00011430182719566668,0.00044315172474866
83.52852852852853,0.0001023842043719395,0.00039694673189060245
83.63863863863864,9.170916652916227e-05,0.00035555927949506205
83.74874874874875,8.21471561660024e-05,0.00031848706911608834
83.85885885885887,7.358212402918047e-05,0.00028528017420387616
83.96896896896897,6.591012068274813e-05,0.00025553557957522726
84.07907907907908,5.9038034926684144e-05,0.00022889229022336722
84.1891891891892,5.288246375365382e-05,0.00020502695010529657
84.2992992992993,4.736870012915211e-05,0.00018364991773405038
84.4094094094094,4.242982631024894e-05,0.00016450175094738756
84.51951951951952,3.800590169899797e-05,0.00014735005819029894
84.62962962962963,3.404323537390937e-05,0.00013198667809699257
84.73973973973975,3.0493734470558548e-05,0.00011822515314232871
84.84984984984985,2.7314320502968162e-05,0.0001058984667017372
84.95995995995996,2.4466406541946608e-05,9.485701605544047e-05
85.07007007007007,2.191542890516933e-05,8.49667967363921e-05
85.18018018018019,1.9630427675355657e-05,7.610777618625406e-05
85.29029029029029,1.7583670955510204e-05,6.81724369813283e-05
85.4004004004004,1.575031830100192e-05,6.106447194830141e-05
85.51051051051051,1.410811924373149e-05,5.4697615333102846e-05
85.62062062062063,1.2637143249523115e-05,4.8994595837347755e-05
85.73073073073073,1.1319537831375116e-05,4.388619881591676e-05
85.84084084084084,1.0139311882910401e-05,3.931042625403167e-05
85.95095095095095,9.0821416024579e-06,3.521174432890746e-05
86.06106106106107,8.135196652360978e-06,3.1540409424005833e-05
86.17117117117117,7.286984443699438e-06,2.8251864416078946e-05
86.28128128128128,6.527210656586432e-06,2.5306197908039835e-05
86.3913913913914,0.9881695606007007,2.2667659844651088e-05
86.50150150150151,0.8851385557772251,2.0304227632297334e-05
86.61161161161161,0.7928500271220026,1.8187217497064843e-05
86.72172172172172,0.7101839157321291,1.6290936364374833e-05
86.83183183183183,0.6361369450858447,1.459237003521518e-05
86.94194194194195,0.5698104447859484,1.3070903874518782e-05
87.05205205205205,0.5103994438545775,1.1708072621829806e-05
87.16216216216216,0.4571829012101016,1.0487336287834603e-05
87.27227227227228,0.40951495475852856,9.393879416930326e-06
87.38238238238239,0.3668170828939442,8.414431279579747e-06
87.49249249249249,0.3285710832762266,7.537104812221179e-06
87.6026026026026,0.2943127836729596,6.751252350027404e-06
87.71271271271272,0.2636264085373139,6.047336401617364e-06
87.82282282282283,0.2361395329518201,5.416813897376833e-06
87.93293293293293,0.2115185626966956,4.852032506570615e-06
88.04304304304304,0.18946468558656676,4.346137764898703e-06
88.15315315315316,0.16971024493907166,3.892989885352038e-06
88.26326326326327,0.15201549116191476,3.4870892427420557e-06
88.37337337337337,0.1361656720340888,3.1235096275488898e-06
88.48348348348348,0.12196842636745675,2.7978384590233874e-06
88.5935935935936,0.10925144941692402,2.5061232319405874e-06
88.70370370370371,0.09786040170543188,2.2448235470552e-06
88.81381381381381,0.08765703588427745,2.0107681430779e-06
88.92392392392392,0.07851751889539706,1.8011164086909265e-06
89.03403403403404,0.07033092907257223,1.6133239074944024e-06
89.14414414414415,0.0629979099416138,1.4451114974765922e-06
89.25425425425426,0.05642946438140283,1.294437670227288e-06
89.36436436436436,0.050545874511126444,1.1594737741892568e-06
89.47447447447448,0.045275734194927184,1.0385818212448987e-06
89.58458458458459,0.040555082421978174,9.302946072882079e-07
89.6946946946947,0.03632662704424396,8.332979055151855e-07
89.8048048048048,0.0325390494508394,7.464145163220132e-07
89.91491491491492,0.029146381740165567,6.685899802325425e-07
90.02502502502503,0.026107448830885942,5.988797804603581e-07
90.13513513513514,0.02338536874091788,5.364378797891977e-07
90.24524524524524,0.02094710496958768,4.805064526498604e-07
90.35535535535536,0.018763065550434267,4.304066877769331e-07
90.46546546546547,0.016806743908574725,0.9612833520269809
90.57557557557558,0.015054397163893937,0.8610556242884218
90.68568568568568,0.01348475797579286,0.771278090435425
90.7957957957958,0.012078776432298703,0.6908611662310538
90.90590590590591,0.010819388850979827,0.6188288723937149
91.01601601601602,0.009691310685715635,0.5543069896332861
91.12612612612612,0.008680851025939572,0.49651244869653716
91.23623623623624,0.007775746437024935,0.44474382665411044
91.34634634634635,0.006965012125220967,0.3983728340874546
91.45645645645646,0.0062388086208011615,0.35683668985988354
91.56656656656656,0.005588322361427133,0.31963129092835507
91.67667667667668,0.005005658726427761,0.2863050943013774
91.78678678678679,0.004483746223806513,0.2564536368915589
91.8968968968969,0.0040162506671416985,0.2297146267529447
92.007007007007,0.0035974983007897457,0.20576354612806164
92.11711711711712,0.0032224069404003445,0.18430971294104417
92.22722722722723,0.0028864242930318456,0.16509275293723827
92.33733733733735,0.0025854727082884545,0.14787943965337488
92.44744744744744,0.002315899689952748,0.13246086386668912
92.55755755755756,0.0020744335674978544,0.11864989816999802
92.66766766766767,0.0018581437894875646,0.10627892590160848
92.77777777777779,0.0016644053569648853,0.09519780686719297
92.88788788788789,0.001490866965175725,0.08527205516466688
92.997997997998,0.0013354224669796814,0.07638120699723523
93.10810810810811,0.0011961853116142385,0.06841735866560766
93.21821821821823,0.0010714656485882107,0.061283856995711476
93.32832832832833,0.0009597498188264043,0.05489412630831077
93.43843843843844,0.0008596819841597279,0.04917061769404629
93.54854854854855,0.0007700476722074628,0.044043867841795314
93.65865865865867,0.0006897590369440128,0.039451655997813806
93.76876876876877,0.0006178416560653658,0.03533824882411638
93.87887887887888,0.0005534227049214767,0.031653723991316
93.988988988989,0.0004957203634877619,0.028353364296722985
94.0990990990991,0.0004440343278133227,0.02539711495441213
94.2092092092092,0.0003977373107883225,0.02274909747067238
94.31931931931932,0.000356267429079563,0.020377174204987344
94.42942942942943,0.00031912138383847095,0.018252558331850553
94.53953953953955,0.00028584835241909733,0.0163494644697137
94.64964964964965,0.000256044516973116,0.014644795736934568
94.75975975975976,0.00022934816351810256,0.013117863436678636
94.86986986986987,0.0002054352919990442,0.011750135968736255
94.97997997997999,0.0001840156840645528,0.010525013920921476
95.09009009009009,0.00016482938083444464,0.009427628610454845
95.2002002002002,0.00014764352791110563,0.008444661630327222
95.31031031031031,0.00013224954934419156,0.007564183210573065
95.42042042042043,0.00011846061625046132,0.006775507432723312
95.53053053053053,0.00010610937936671003,0.006069062540251656
95.64064064064064,9.50459380169262e-05,0.005436274771036698
95.75075075075075,8.513602084408716e-05,0.004869464301975155
95.86086086086087,7.625935622702847e-05,0.00436175204287707
95.97097097097097,6.830821260499167e-05,0.0039069761484493626
96.08108108108108,6.118609099449638e-05,0.0034996172351153096
96.1911911911912,5.4806553830296155e-05,0.0031347313950654534
96.30130130130131,4.909217591663659e-05,0.002807890194564443
96.41141141141141,4.397360475706095e-05,0.002515126928304692
96.52152152152152,3.938871885845443e-05,0.002252888477522736
96.63163163163163,3.528187379410235e-05,0.0020179921876053502
96.74174174174175,3.160322687560018e-05,0.0018075872418301408
96.85185185185185,2.8308132237512363e-05,0.0016191200624539423
96.96196196196196,2.535659899322407e-05,0.0014503033192392759
97.07207207207207,2.271280588590585e-05,0.0012990881692915184
97.18218218218219,2.0344666544148665e-05,0.001163639391295331
97.29229229229229,1.8223440066004868e-05,0.001042313112367613
97.4024024024024,1.632338220528762e-05,0.0009336368572088957
97.51251251251252,1.4621432926758881e-05,0.0008362916774201264
97.62262262262263,1.3096936538216763e-05,0.0007490961440971538
97.73273273273273,1.1731391002872287e-05,0.000670992009429421
97.84284284284284,1.0508223389544615e-05,0.0006010313632848354
97.95295295295296,9.412588735431021e-06,0.000538365128906986
98.06306306306307,8.431189880347832e-06,0.0004822327581026394
98.17317317317317,7.55211608586504e-06,0.00043195300085540966
98.28328328328328,6.7646984807354035e-06,0.0003869156373409997
98.3933933933934,6.059380578234619e-06,0.0003465740719997991
98.50350350350351,5.4276022939451745e-06,0.00031043869978473473
98.61361361361362,4.861696056368465e-06,0.00027807096407400184
98.72372372372372,4.354793749511923e-06,0.0002490780341325479
98.83383383383384,3.900743358060423e-06,0.00022310803752535407
98.94394394394395,3.4940343034978105e-06,0.00019984578962079676
99.05405405405406,3.129730565019735e-06,0.00017900896835516814
99.16416416416416,2.8034107735614072e-06,0.0001603446878334803
99.27427427427428,2.511114551891306e-06,0.00014362642918205277
99.38438438438439,2.2492944495285726e-06,0.00012865129140424156
99.4944944944945,2.014772889141792e-06,0.00011523752887429769
99.6046046046046,1.804703601910194e-06,0.00010322234558320926
99.71471471471472,1.6165370838074495e-06,9.245991936638762e-05
99.82482482482483,1.4479896535690134e-06,8.281963213427988e-05
99.93493493493494,1.2970157368147654e-06,7.418448462708654e-05
100.04504504504504,1.1617830399538794e-06,6.644967645429365e-05
100.15515515515516,1.0406503125699719e-06,5.952133418566632e-05
100.26526526526527,9.321474284002041e-07,5.331537205720816e-05
100.37537537537538,8.349575431609646e-07,4.77564714650341e-05
100.48548548548548,7.479011126790245e-07,4.27771668618095e-05
100.5955955955956,6.699215773641813e-07,3.831702696173556e-05
100.70570570570571,6.000725392833068e-07,3.432192131679345e-05
100.81581581581582,5.375062762102466e-07,3.074336336304323e-05
100.92592592592592,4.814634532526213e-07,2.7537921963875183e-05
101.03603603603604,4.312639071906649e-07,2.4666694308407057e-05
101.14614614614615,3.8629839168243417e-07,2.2094833767870096e-05
101.25625625625626,3.460211831509963e-07,1.979112697980887e-05
101.36636636636636,3.0994345761512896e-07,1.772761502738756e-05
101.47647647647648,2.776273580814247e-07,1.5879254116244765e-05
101.58658658658659,2.4868068049683306e-07,1.4223611630708716e-05
101.6966966966967,2.2275211376765846e-07,1.2740593880556664e-05
101.8068068068068,1.995269760756202e-07,1.1412202234123584e-05
101.91691691691692,1.7872339574476686e-07,1.0222314678069236e-05
102.02702702702703,1.600888903084192e-07,9.156490152708431e-06
102.13713713713715,1.4339730225795857e-07,8.201793288218574e-06
102.24724724724724,1.284460542842504e-07,7.346637414639749e-06
102.35735735735736,1.1505369069993576e-07,6.580643940357925e-06
102.46746746746747,1.0305767520411566e-07,5.894516392421278e-06
102.57757757757759,9.23124182619804e-08,5.279927589978881e-06
102.68768768768768,8.268751015872537e-08,4.729418581524949e-06
102.7977977977978,7.406613828320842e-08,4.236308119400291e-06
102.90790790790791,6.63436694327466e-08,3.7946115728902635e-06
103.01801801801803,5.9426379933182204e-08,3.3989682958073205e-06
103.12812812812813,5.323031816235143e-08,3.0445765670566003e-06
103.23823823823824,4.768028567196945e-08,2.727135314590614e-06
103.34834834834835,4.270892454233996e-08,2.442791915487073e-06
103.45845845845847,3.825589989356171e-08,2.1880954386250456e-06
103.56856856856857,3.426716763179943e-08,1.959954762490344e-06
103.67867867867868,3.0694318543620106e-08,1.7556010598067871e-06
103.78878878878879,2.749399077801014e-08,1.5725541936888959e-06
103.8988988988989,2.4627343585656066e-08,1.4085926174826366e-06
104.009009009009,2.2059585928538643e-08,1.2617264129843669e-06
104.11911911911912,1.9759554238809696e-08,1.1301731398162732e-06
104.22922922922923,1.7699334202431573e-08,0.8975272776665426
104.33933933933935,1.585392197735302e-08,0.8039470451219894
104.44944944944945,1.4200920734604248e-08,0.7201239087025475
104.55955955955956,1.2720268839381552e-08,0.645040549662496
104.66966966966967,1.1393996373197171e-08,0.5777857194861709
104.77977977977979,1.0206007042123347e-08,0.5175431805284567
104.88988988988989,9.141882824265342e-09,0.46358179975392316
105.0,8.188708985567093e-09,0.41524667534725046
